can_id,is_extended,dlc,rx_count,frames_per_second,avg_period_ms,min_period_ms,max_period_ms,representative_payload,payload_changes,unique_payloads,dbc_message,transmitter,receivers,signals,dbc_cycle_ms,classification,evidence
0x40,no,8,1625,25.004657,40.002157,39.731979,40.267944,400C00808300005C,yes,1625,Airbag_01,Gateway|Gateway_PAG,GurtMikrofon|ZR_High|ZR_LIMU|ZR_MIB_TOP_ab_Gen3|ZR_Standard,Airbag_01_CRC|Airbag_01_BZ|AB_RGS_Anst|AB_Front_Crash|AB_Heck_Crash|AB_SF_Crash|AB_SB_Crash|AB_Rollover_Crash|AB_Crash_Int|AB_Lampe|AB_Deaktiviert|AB_VB_deaktiviert|AB_Systemfehler|AB_Diagnose|AB_Stellgliedtest|AB_Erh_Auf_VB|AB_Gurtwarn_VF|AB_Gurtwarn_VB|AB_Anzeige_Fussg|AB_Texte_AKS|AB_MKB_gueltig|AB_MKB_Anforderung|AB_Versorgungsspannung|AB_Deaktivierung_HV|AB_EDR_Trigger|AB_Belegung_VF|SC_Masterzeit_Offset|SC_LowSpeedCrashErkannt|SC_Masterzeit,40,Ambiguous,DBC mapping lacks domain-specific evidence
0xA0,no,8,650,10.001863,100.006995,99.814892,100.199938,EF0800003320B500,yes,9,,,,,,Ambiguous,CAN ID not present in A5.dbc
0xA7,no,8,650,10.001863,100.006877,99.807978,100.213051,A1DA9F7FFDF9B73C,yes,213,Motor_11,Gateway|Gateway_PAG,OTA_FC|ZR_High|ZR_Standard,Motor_11_CRC|Motor_11_BZ|MO_Mom_Soll_Roh|MO_Mom_Ist_Summe|MO_Mom_Traegheit_Summe|MO_Mom_Soll_gefiltert|MO_Mom_Schub|MO_Status_Normalbetrieb_01|MO_erste_Ungenauschwelle|MO_QBit_Motormomente,200,Possible P-CAN,Powertrain message/signal semantics observed; DBC transmitter is gateway or domain can be shared
0xA8,no,8,6499,100.003239,10.000533,9.660959,10.397911,ABEA9FD19E647C0C,yes,943,Motor_12,Gateway|Gateway_PAG,BedienSG_hi|OTA_FC|ZR_High|ZR_LIMU|ZR_MIB_TOP_ab_Gen3|ZR_Standard,Motor_12_CRC|Motor_12_BZ|MO_Mom_neg_verfuegbar|MO_Mom_Begr_stat|MO_Mom_Begr_dyn|MO_Momentenintegral_02|MO_QBit_Drehzahl_01|MO_Drehzahl_01,10,Possible P-CAN,Powertrain message/signal semantics observed; DBC transmitter is gateway or domain can be shared
0xB1,no,8,130,2.000373,500.035458,499.776840,500.313997,E6290CDC0600100E,yes,8,Getriebe_17,Gateway|Gateway_PAG,OTA_FC|ZR_High,Getriebe_17_CRC|Getriebe_17_BZ|GE_Fahrprogramm|GE_TippZustand|GE_Freilauf_Status|GE_Grundeinstellung|GE_Anschleppstart_Freigabe|GE_Strombedarf_erh|GE_Uefkt_Praed|GE_KomFehler_ESP|GE_Rollrichtung_falsch|GE_Getriebestatus_02|GE_Eingangsdrehz_Praed,500,Possible P-CAN,Powertrain message/signal semantics observed; DBC transmitter is gateway or domain can be shared
0xFD,no,8,3250,50.009313,20.001070,19.716978,20.291090,93E33F0000000000,yes,16,ESP_21,Gateway|Gateway_PAG,BedienSG_hi|DDA|OTA_FC|ZR_High|ZR_LIMU|ZR_MIB_TOP_ab_Gen3|ZR_Standard,ESP_21_CRC|ESP_21_BZ|BR_Eingriffsmoment|ESP_Diagnose|ESC_v_Signal_Qualifier_High_Low|ESP_Vorsteuerung|OBD_Schlechtweg|OBD_QBit_Schlechtweg|ESP_v_Signal|ASR_Tastung_passiv|ESP_Tastung_passiv|ESP_Systemstatus|ASR_Schalteingriff|ESP_QBit_v_Signal|ABS_Bremsung|ASR_Anf|MSR_Anf|EBV_Eingriff|EDS_Eingriff|ESP_Eingriff|ESP_ASP|ESC_Neutralschaltung,100,Possible P-CAN,Powertrain message/signal semantics observed; DBC transmitter is gateway or domain can be shared
0x116,no,8,650,10.001863,100.007011,99.799156,100.214958,4A030B30000000FF,yes,16,ESP_10,Gateway|Gateway_PAG,OTA_FC|ZR_High|ZR_LIMU|ZR_MIB_TOP_ab_Gen3|ZR_Standard,ESP_10_CRC|ESP_10_BZ|ESP_QBit_Wegimpuls_VL|ESP_QBit_Wegimpuls_VR|ESP_QBit_Wegimpuls_HL|ESP_QBit_Wegimpuls_HR|ESP_Wegimpuls_VL|ESP_Wegimpuls_VR|ESP_Wegimpuls_HL|ESP_Wegimpuls_HR|ESP_VL_Fahrtrichtung|ESP_VR_Fahrtrichtung|ESP_HL_Fahrtrichtung|ESP_HR_Fahrtrichtung,50,Possible P-CAN,Powertrain message/signal semantics observed; DBC transmitter is gateway or domain can be shared
0x153,no,8,325,5.000931,199.998744,194.925070,205.106974,4305FFFFE0FEFFFF,yes,8,,,,,,Ambiguous,CAN ID not present in A5.dbc
0x154,no,8,325,5.000931,200.013120,199.599981,200.449944,B2E4BF9ECA01860C,yes,147,Motor_28,Gateway|Gateway_PAG,ZR_High|ZR_LIMU|ZR_MIB_TOP_ab_Gen3|ZR_Standard,Motor_28_CRC|Motor_28_BZ|MO_IstMoment_VKM|MO_Mom_Begr_Schalt|MO_Mom_Begr_Schalt_Min|MO_Fehlerstatus_Antrieb_FDR|MO_Primaerachse_Anforderung|MO_Drehzahl_VM,500,Possible P-CAN,Powertrain message/signal semantics observed; DBC transmitter is gateway or domain can be shared
0x179,no,8,650,10.001863,100.005262,99.816799,100.195169,00000000000000FE,no,1,,,,,,Ambiguous,CAN ID not present in A5.dbc
0x184,no,8,65,1.000186,1000.074718,999.968052,1000.360012,460E000000000000,yes,16,ZV_01,Gateway|Gateway_PAG,ZR_High,ZV_01_CRC|ZV_01_BZ|ZV_FT_verriegeln|ZV_FT_entriegeln|ZV_BT_verriegeln|ZV_BT_entriegeln|ZV_HFS_verriegeln|ZV_HFS_entriegeln|ZV_HBFS_verriegeln|ZV_HBFS_entriegeln|ZV_zentral_safen|ZV_zentral_entsafen|ZV_Spg_Anklappen|ZV_Softtouch_betaetigt|ZV_LED_Steuerung|ZV_LED_Uebernahme|ZV_auf_FT|ZV_zu_FT|ZV_auf_BT|ZV_zu_BT|ZV_auf_Kessy|ZV_zu_Kessy|ZV_auf_Funk|ZV_zu_Funk|VIP_Sensor_betaetigt|VIP_Freigabe|ZV_zu_Zeitl_Nachverr|ZV_HSK_entriegeln|ZV_HSK_verriegeln|ZV_Verdeck_zu|ZV_Verdeck_auf|FH_FT_hoch|FH_FT_tief|FH_BT_hoch|FH_BT_tief|FH_HFS_hoch|FH_HFS_tief|FH_HBFS_hoch|FH_HBFS_tief|BCM_Spg_Synchron|BCM_BF_Spg_Absenkung|ZV_Signatur|ZV_entriegeln_Anf|ZV_auto_Ansteuerung,1000,Cross-Domain / Gateway Candidate,Body/comfort/infotainment semantics observed; gateway routing or domain sharing is possible
0x18A,no,8,325,5.000931,200.013083,199.576139,200.456858,00002A15F00F0000,no,1,,,,,,Ambiguous,CAN ID not present in A5.dbc
0x1A2,no,8,325,5.000931,200.013895,199.907064,200.113058,0108602430028001,yes,19,ESP_15,Gateway|Gateway_PAG,DDA|ZR_High,ESP_15_CRC|ESP_15_BZ|HMS_P_beibehalten_GE|HMS_Konsistenz_GE|HMS_Konsistenz_IPA|HMS_Konsistenz_STA|HMS_Konsistenz_MO|HMS_halten_nicht_verfuegbar|NL_PRIM_STP_01_Status|VMM_Warnblinken|VZM_Status|HMS_Notstopp_Status|HMS_parken_nicht_verfuegbar|HMS_Anforderung_GE|HMS_Systemstatus|HMS_Stillstand|HMS_aktives_System|HMS_Konsistenz_HVLM|HMS_Konsistenz_ACC|HMS_Fehlerstatus|ESP_Index_Haltemoment|ESP_Haltemoment,1000,Possible P-CAN,Powertrain message/signal semantics observed; DBC transmitter is gateway or domain can be shared
0x1F1,no,8,129,1.984985,500.033813,499.724865,500.349998,000000E007400000,no,1,Kessy_11,Gateway|Gateway_PAG,BedienSG_hi|ZR_High,KY_IDG_in_Reichweite|KY_Auf_Taste|KY_HDF_Taste|KY_Panik_Taste|KY_Zu_Taste|KY_FT_Entriegelung_Autorisiert|KY_FT_Verriegelung_Autorisiert|KY_BT_Entriegelung_Autorisiert|KY_BT_Verriegelung_Autorisiert|KY_HFS_Entriegelung_Autorisiert|KY_HFS_Verriegelung_Autorisiert|KY_HBFS_Entriegelung_Autorisiert|KY_HBFS_Verriegelung_Autorisiert|KY_Front_Entr_Autorisiert|KY_Front_Verr_Autorisiert|KY_HD_Entriegelung_Autorisiert|KY_HD_Verriegelung_Autorisiert|KY_Bereich|KY_Position|KY_ZV_Signatur|Schluesselnr_Personalisierung|FFB_FDF_Taste|FFB_Joker_Taste|FFB_Park_Taste|FFB_Remotestart_Taste|FBS_Aktivierung_Pilot_Parken|KY_Schluessel_im_Fzg|KY_EasyClose_Abbruch|KY_EasyClose_Status|KY_HD_Auffahrt|KY_HD_Zufahrt|KY_LKL_1_Autorisierung|KY_LKL_2_Autorisierung,500,Cross-Domain / Gateway Candidate,Body/comfort/infotainment semantics observed; gateway routing or domain sharing is possible
0x1F3,no,8,650,10.001863,100.001988,99.523067,100.528002,B70D1BFC819FFE02,yes,648,,,,,,Ambiguous,CAN ID not present in A5.dbc
0x1F8,no,8,650,10.001863,100.002325,99.817991,100.265980,0000D009010F7DF4,yes,7,,,,,,Ambiguous,CAN ID not present in A5.dbc
0x20F,no,8,1300,20.003725,50.003474,49.677849,50.357103,0000000000000074,no,1,,,,,,Ambiguous,CAN ID not present in A5.dbc
0x2A0,no,8,489,7.524478,133.123404,19.586086,200.537920,EF0280CCC8070000,yes,47,BCM_02,Gateway|Gateway_PAG,BedienDisp_vo|BedienSG_hi|OTA_FC|ZR_High|ZR_LIMU|ZR_MIB_TOP_ab_Gen3|ZR_Standard,BCM_02_CRC|BCM_02_BZ|BCM2_Crashfall_erkannt|ZZH_Endlage_oben|ZZH_Endlage_unplausibel|ZZH_Endlage_unten|BCM2_Unterdr_Zuendungsmeldung|BCM2_SST_gedrueckt|BCM_Waehlhebel_P_Hinweis|BCM_ValetTaster_Fkts_LED|BCM2_KL15_Absch_FT|Heckwischer_Status|BCM2_P_verriegelt|FSH_LED|HSH_LED|Niveausensor_VL_verbaut|Niveausensor_HL_verbaut|FA_Hoehenwert_VL_01|FA_Hoehenwert_HL_01|BCM_Anf_Aussenwarnung|BCM_Aussenwarnung_Konfig|BCM2_Freigabe_Kofferr_Innenentr|BCM_RLU_Wakeup_Anforderung|Heckrollo_Privacy_aktiv|Heckrollo_Verfahrrichtung|BCM2_TrunkEntrapment_Warn|BCM2_Quittierung_Warnton_aktiv|BCM_Handbremse_Hinweis|Remote_Rollo_HBFS_hoch|Remote_Rollo_HBFS_tief|Remote_Rollo_HFS_hoch|Remote_Rollo_HFS_tief|BCM2_T_Deckel_Vorne,200,Cross-Domain / Gateway Candidate,Body/comfort/infotainment semantics observed; gateway routing or domain sharing is possible
0x2C7,no,8,64,0.984799,1000.070682,999.773979,1000.383854,0000000000000000,no,1,ZV_03,Gateway|Gateway_PAG,BedienSG_hi|ZR_LIMU|ZR_MIB_TOP_ab_Gen3,ZV_TAG_verfahren|BCM_Spg_Heizen_Trigger|BCM2_ZV_Tasten_HMI_Anf|ZV_HD_Taste_zu|ZV_HD_Taste_auf|ZV_FD_Taste_auf,1000,Cross-Domain / Gateway Candidate,Body/comfort/infotainment semantics observed; gateway routing or domain sharing is possible
0x30B,no,8,1299,19.988338,50.001798,49.157143,50.868034,100200002C000030,yes,16,Kombi_01,Gateway|Gateway_PAG,BedienSG_hi|OTA_FC|ZR_High|ZR_LIMU|ZR_MIB_TOP_ab_Gen3|ZR_Standard,KBI_ABS_Lampe|KBI_ESP_Lampe|KBI_BKL_Lampe|KBI_Airbag_Lampe|KBI_SILA_gueltig|KBI_Lenkung_Lampe|KBI_Vorglueh_System_Lampe|KBI_NV_in_Anzeige|Kombi_01_BZ|KBI_Anzeigestatus_ACC|KBI_Anzeigestatus_GRA|KBI_Tankwarnung|KBI_MFA_v_Einheit_01|KBI_im_Stellgliedtest|KBI_Anzeigefehler_LDW|KBI_Tankwarnung_ungueltig|KBI_Handbremse|KBI_V_Digital|KBI_PLA_in_Anzeige|KBI_Anzeigefehler_NV|KBI_Anzeigestatus_LIM|KBI_ARA_in_Anzeige|KBI_Taster_Lift|KBI_Taster_Fahrwerk|KBI_GRA_Hauptschalter|KBI_angez_Geschw|KBI_Einheit_Tacho|KBI_Konsistenz_ACC|KBI_Fehler_Anzeige_ACC|KBI_Anzeigefehler_SWA|KBI_Systemstatus,50,Ambiguous,"Some signals are drivetrain-related, but the message itself is not powertrain-specific"
0x32C,no,8,325,5.000931,199.997299,194.469929,205.552101,0033003A98240800,no,1,,,,,,Ambiguous,CAN ID not present in A5.dbc
0x365,no,8,1300,20.003725,50.003531,49.518108,50.486088,4E310000003000FE,yes,16,,,,,,Ambiguous,CAN ID not present in A5.dbc
0x36A,no,8,130,2.000373,500.010986,499.821186,500.135899,000019C82AD42F57,no,1,,,,,,Ambiguous,CAN ID not present in A5.dbc
0x385,no,8,65,1.000186,1000.071764,999.737978,1000.477076,0000220200000000,no,1,Charisma_01,Gateway,OTA_FC|ZR_High,CHA_Ziel_FahrPr_AGA|CHA_Ziel_FahrPr_ESP|CHA_Ziel_FahrPr_Freilauf|CHA_Fahrer_Umschaltung|CHA_Fahrer_Umschaltung_BMA|CHA_Ziel_FahrPr_MO|CHA_Ziel_FahrPr_GE|CHA_Ziel_FahrPr_ALR|CHA_Ziel_FahrPr_MO_BZS|CHA_Ziel_FahrPr_DR|CHA_Ziel_FahrPr_VAQ|CHA_Ziel_FahrPr_AFS|CHA_Ziel_FahrPr_PreCrash|CHA_Ziel_FahrPr_EPS|CHA_Ziel_FahrPr_ACC|CHA_Ziel_FahrPr_SAK|CHA_Ziel_FahrPr_MO_StSt,1000,Ambiguous,DBC mapping lacks domain-specific evidence
0x386,no,8,65,1.000186,1000.069685,999.540091,1000.771999,0000032000023000,no,1,Charisma_03,Gateway|Gateway_PAG,OTA_FC|ZR_High,CHA_Eco_Charisma_LED|CHA_Fahrer_Umschaltung|CHA_EV_LED|CHA_Ziel_FahrPr_AMB|CHA_Ziel_FahrPr_IVB|CHA_Kombi_Texte|CHA_Ziel_FahrPr_KL|CHA_Ziel_FahrPr_HSP|CHA_Drehschalter_Istmodus|CHA_Ziel_FahrPr_RWB|CHA_Ziel_FahrPr_03_01|CHA_Ziel_FahrPr_03_02|CHA_Current_Mode|CHA_Charge_LED|CHA_Offroad_LED|CHA_Kombi_Texte_02,1000,Ambiguous,DBC mapping lacks domain-specific evidence
0x391,no,8,812,12.494635,80.004271,79.902887,80.118895,3F7E224700260020,yes,16,OBD_01,Gateway|Gateway_PAG,ZR_High|ZR_MIB_TOP_ab_Gen3,OBD_Calc_Load_Val|OBD_Eng_Cool_Temp|OBD_Abs_Throttle_Pos|OBD_Abs_Load_Val|OBD_Abs_Pedal_Pos|MO_Servicemodus|OBD_ClearMem_Inhibit|OBD_Sperrung_Kaltstart_Denom|MO_QBit_Aussen_Temp|OBD_Sperrung_IUMPR|OBD_Kaltstart_Denominator|OBD_Minimum_Trip|OBD_Driving_Cycle|OBD_Warm_Up_Cycle|OBD_Normed_Trip,500,Possible P-CAN,Powertrain message/signal semantics observed; DBC transmitter is gateway or domain can be shared
0x392,no,8,812,12.494635,80.004306,79.293966,80.708027,4265FEFEFE00004D,yes,16,ESP_07,Gateway|Gateway_PAG,ZR_High|ZR_LIMU|ZR_MIB_TOP_ab_Gen3,ESP_07_CRC|ESP_07_BZ|ESP_Allrad_Antrieb|ESP_Codierung_ADS|ESP_RTA_HL|ESP_RTA_HR|ESP_RTA_VR|OBD_Fehler_Radsensor_HL|OBD_Fehler_Radsensor_HR|OBD_Fehler_Radsensor_VL|OBD_Fehler_Radsensor_VR|ESP_Qualifizierung_Antriebsart|ESP_Offroad_Modus|ESP_MKB_ausloesbar|ESP_Stat_FallBack_eBKV|ESC_cAQP_Trigger|ESP_OBD_Status|ESP_Rollenmodus_Deaktivieren|ESP_nachtr_Stopp_Anf,1000,Possible P-CAN,Powertrain message/signal semantics observed; DBC transmitter is gateway or domain can be shared
0x3A3,no,8,812,12.494635,80.005639,79.023838,80.703974,FEFEF4F9433FFEFE,no,1,,,,,,Ambiguous,CAN ID not present in A5.dbc
0x3B5,no,8,650,10.001863,99.995442,98.989010,100.960970,8776203B5DF32800,yes,7,Klima_11,Gateway|Gateway_PAG,OTA_FC|ZR_High,KL_Drehz_Anh|KL_Vorwarn_Komp_ein|KL_AC_Schalter|KL_Komp_Moment_alt|KL_Vorwarn_Zuheizer_ein|KL_Zustand|KL_Kompressorkupplung_linear|KL_Charisma_FahrPr|KL_Charisma_Status|KL_nachtr_Stopp_Anf|KL_T_Charge|KL_Last_Kompr|KL_Spannungs_Anf|KL_Thermomanagement|KL_StartStopp_Info|KL_Freilauf_Info|KL_Anf_KL|KL_el_Zuheizer_Stufe|KL_Ausstattung_Klima|KL_Variante_Standheizung,1000,Cross-Domain / Gateway Candidate,Body/comfort/infotainment semantics observed; gateway routing or domain sharing is possible
0x3BE,no,8,650,10.001863,100.005986,99.520922,100.494146,C1149705C0000080,yes,16,Motor_14,Gateway|Gateway_PAG,BedienSG_hi|DDA|OTA_FC|ZR_High|ZR_LIMU|ZR_MIB_TOP_ab_Gen3|ZR_Standard,Motor_14_CRC|Motor_14_BZ|MO_StartStopp_Status|MO_StartStopp_Wiederstart|MO_StartStopp_Motorstopp|MO_Freig_Reku|MO_Kl_75|MO_Kl_50|MO_Gangposition|MO_StartStopp_Fahrerwunsch|MO_HYB_Fahrbereitschaft|MO_Ext_E_Fahrt_aktiv|MO_Fahrer_bremst|MO_QBit_Fahrer_bremst|MO_BLS|MO_Konsistenz_Bremsped|MO_KomFehler_ESP|MO_Klima_Eingr|MO_Aussp_Anlass|MO_Freig_Anlass|MO_Kuppl_schalter|MO_Interlock|MO_Motor_laeuft|MO_Kickdown|MO_QBit_KL_75|MO_EKlKomLeiRed|MO_Handshake_STH|MO_BKV_Unterdruckwarnung|MO_Freigabe_Segeln|MO_PTC_Status|MO_QBit_Gangposition|MO_Signalquelle_Gangposition|MO_Remotestart_Betrieb|MO_Remotestart_moeglich|MO_Text_Geschw_red|MO_FMAus_aktiv|MO_FMAus_Startvariante|MO_BMS_NV_Anf_stuetzen|MO_Zylinderabschaltung|MO_HYB_VM_aktiv|MO_StartVorauss_erfuellt,100,Possible P-CAN,Powertrain message/signal semantics observed; DBC transmitter is gateway or domain can be shared
0x3C0,no,4,649,9.986475,100.007105,99.282980,100.697041,6B032300,yes,16,Klemmen_Status_01,Gateway|Gateway_PAG,BedienDisp_vo|BedienSG_hi|DDA|GurtMikrofon|OTA_FC|ZR_High|ZR_LIMU|ZR_MIB_TOP_ab_Gen3|ZR_Standard,Klemmen_Status_01_CRC|Klemmen_Status_01_BZ|RSt_Fahrerhinweise|ZAS_Kl_S|ZAS_Kl_15|ZAS_Kl_X|ZAS_Kl_50_Startanforderung|BCM_Remotestart_Betrieb|ZAS_Kl_Infotainment|BCM_Remotestart_KL15_Anf|BCM_Remotestart_MO_Start|KST_Warn_P1_ZST_def|KST_Warn_P2_ZST_def|KST_Fahrerhinweis_1|KST_Fahrerhinweis_2|BCM_Ausparken_Betrieb|KST_Fahrerhinweis_4|KST_Fahrerhinweis_5|KST_Fahrerhinweis_6,100,Ambiguous,DBC mapping lacks domain-specific evidence
0x3C7,no,8,812,12.494635,80.004303,79.909801,80.106020,0110080100418200,yes,2,Motor_26,Gateway|Gateway_PAG,ZR_High|ZR_LIMU|ZR_MIB_TOP_ab_Gen3|ZR_Standard,MO_Kuehlerluefter_MUX|MO_Kuehlerluefter_1|MO_Kuehlerluefter_2|MO_EFLEX_Lampe|MO_KJS_nicht_bereit|MO_ITM_Warnung_Pumpe|WIV_Anzeige_aktiv|WIV_Oelmin_Warn|WIV_Sensorfehler|WIV_Schieflage|WIV_Oelstand|MO_Zustand_HWP|OLEV_Systemstoerung|MO_Oelwarnung_max|WIV_Oelsystem_aktiv|WIV_nicht_betriebswarm|WIV_Ueberfuell_Warn|WIV_laufender_Motor|MO_E_Warnungen|MO_Text_Motorstart|MO_E_Texte|WIV_Oeldyn_avl|MO_Text_Partikelfil_Reg|OLEV_Oelstand_nicht_vorhanden|WIV_Oelmenge|MO_Systemlampe|MO_OBD2_Lampe|MO_Heissleuchte|MO_Partikel_Lampe|MO_RedFahrleistung_Lampe|WIV_Oelstand_nicht_vorhanden|WIV_nachfuellanzeige_ein|WIV_Ueberfuell_deaktiv|WIV_Unterfuell_Warn|MO_Tankdeckel_Lampe|MO_Text_Tankdeckelwarn|MO_Vorglueh_Lampe|WIV_Oeldr_Warn_Motor|MO_E_Mode,80,Possible P-CAN,Powertrain message/signal semantics observed; DBC transmitter is gateway or domain can be shared
0x3CE,no,8,650,10.001863,99.957632,98.989964,100.744963,0180003680008000,no,1,TSG_HFS_01,Gateway|Gateway_PAG,BedienSG_hi|DDA|OTA_FC|ZR_High|ZR_LIMU|ZR_MIB_TOP_ab_Gen3|ZR_Standard,HFS_Tuer_geoeffnet|HFS_verriegelt|HFS_gesafet|HFS_Heckrollotaster_betaetigt|HFS_Tuerschloss_defekt|HFS_Unlock_Taster|HFS_Lock_Taster|HFS_Sperrklinke|HFS_TAG_betaetigt|HFS_TIG_betaetigt|HFS_FH_S_HBFS_AutoHoch|HFS_FH_S_HBFS_AutoTief|HFS_FH_S_HBFS_ManHoch|HFS_FH_S_HBFS_ManTief|HFS_Tuer_Status|HFS_SAD_Schalter|HFS_FH_S_ManHoch|HFS_FH_S_AutoHoch|HFS_FH_S_ManTief|HFS_FH_S_AutoTief|HFS_FH_Oeffnung|HFS_FH_Bew_hoch|HFS_FH_Bew_tief|HFS_FH_Fang|HFS_FH_Block|HFS_FH_Thermo|HFS_UEKB_aktiviert|HFS_Tueroeffnen_Warnung|HFS_FH_normiert|ASW_Warnung_aktiv_HFS|HFS_Zuziehhilfe_aktiv|HFS_Seitenrollo_hoch|HFS_Seitenrollo_tief|HFS_Status_KiSi|SSR_HFS_Pos_Unten|HFS_Oben_Block_erw|HFS_Unten_Block_erw|MTHFS_M_Taste|MTHFS_Pos1|MTHFS_Pos2|MTHFS_Pos3|HFS_MRollo_Schalter|HFS_Lock_Taster_inv|HFS_Status_eTAG|HFS_Tuer_Status_QBit|HFS_TCR_Mode_aktiv,500,Cross-Domain / Gateway Candidate,Body/comfort/infotainment semantics observed; gateway routing or domain sharing is possible
0x3CF,no,8,650,10.001863,99.987220,99.037170,100.942850,0180003580008001,no,1,TSG_HBFS_01,Gateway|Gateway_PAG,BedienSG_hi|DDA|OTA_FC|ZR_High|ZR_LIMU|ZR_MIB_TOP_ab_Gen3|ZR_Standard,HBFS_Tuer_geoeffnet|HBFS_verriegelt|HBFS_gesafet|HBFS_Heckrollotaster_betaetigt|HBFS_Tuerschloss_defekt|HBFS_Unlock_Taster|HBFS_Lock_Taster|HBFS_Sperrklinke|HBFS_TAG_betaetigt|HBFS_TIG_betaetigt|HBFS_FH_S_HFS_AutoHoch|HBFS_FH_S_HFS_AutoTief|HBFS_FH_S_HFS_ManHoch|HBFS_FH_S_HFS_ManTief|HBFS_Tuer_Status|HBFS_SAD_Schalter|HBFS_FH_S_ManHoch|HBFS_FH_S_AutoHoch|HBFS_FH_S_ManTief|HBFS_FH_S_AutoTief|HBFS_FH_Oeffnung|HBFS_FH_Bew_hoch|HBFS_FH_Bew_tief|HBFS_FH_Fang|HBFS_FH_Block|HBFS_FH_Thermo|HBFS_UEKB_aktiviert|HBFS_Tueroeffnen_Warnung|HBFS_FH_normiert|ASW_Warnung_aktiv_HBFS|HBFS_Zuziehhilfe_aktiv|HBFS_Seitenrollo_hoch|HBFS_Seitenrollo_tief|HBFS_Status_KiSi|SSR_HBFS_Pos_Unten|HBFS_Oben_Block_erw|HBFS_Unten_Block_erw|MTHBFS_M_Taste|MTHBFS_Pos1|MTHBFS_Pos2|MTHBFS_Pos3|HBFS_MRollo_Schalter|HBFS_Lock_Taster_inv|HBFS_Status_KiSi_inv|HBFS_Status_eTAG|HBFS_Tuer_Status_QBit|HBFS_TIG_betaetigt_schliessen,500,Cross-Domain / Gateway Candidate,Body/comfort/infotainment semantics observed; gateway routing or domain sharing is possible
0x3D0,no,8,650,10.001863,99.957105,99.166155,100.870848,010004B380000000,no,1,TSG_FT_01,Gateway|Gateway_PAG,BedienDisp_vo|BedienSG_hi|DDA|OTA_FC|ZR_High|ZR_LIMU|ZR_MIB_TOP_ab_Gen3|ZR_Standard,FT_Tuer_geoeffnet|FT_verriegelt|FT_gesafet|FT_Schluesselschalter_auf|FT_Schluesselschalter_zu|FT_Unlock_Taster|FT_Lock_Taster|FT_Sperrklinke|FT_TAG_betaetigt|FT_TIG_betaetigt|FT_IRUE_Taste|FT_HD_Taste|FT_TD_Taste_Fehler|FT_TD_Taste|SSR_Temp_Freigabe|FT_Sp_Heizung_Anf|FT_HD_Taste_2|FT_TSG_hinten_verbaut|FT_Sp_Blk_def|FT_FH_S_ManHoch|FT_FH_S_AutoHoch|FT_FH_S_ManTief|FT_FH_S_AutoTief|FT_FH_Oeffnung|FT_FH_Bew_hoch|FT_FH_Bew_tief|FT_FH_Fang|FT_FH_Block|FT_FH_Thermo|FT_UEKB_aktiviert|ASW_HMI_defekt|FT_FH_normiert|FT_Schliesstaster|FT_Zuziehhilfe_aktiv|FT_SP_ausgerastet|FT_SP_lr_aktiv|FT_SP_ht_aktiv|ASW_wakeup|FT_Oben_Block_erw|FT_Unten_Block_erw|FT_Kisi_li_aktiv|FT_Kisi_re_aktiv|FT_Kisi_Taster_li|FT_Kisi_Taster_re|FT_BFS_Fond_Freigabe|FT_Kisi_Fehler|FT_Daemmglas|FT_SP_Heizung_Status|ASW_Warnung_aktiv_FS|FT_FH_Pos_oben|FT_Tuerschloss_defekt|FT_SWA_Taster|SWA_HMI_Diagnose|FS_Status_eTAG,100,Cross-Domain / Gateway Candidate,Body/comfort/infotainment semantics observed; gateway routing or domain sharing is possible
0x3D1,no,8,650,10.001863,99.987196,99.049807,100.924969,010006B380000030,no,1,TSG_BT_01,Gateway|Gateway_PAG,DDA|OTA_FC|ZR_High|ZR_LIMU|ZR_MIB_TOP_ab_Gen3|ZR_Standard,BT_Tuer_geoeffnet|BT_verriegelt|BT_gesafet|BT_Schluesselschalter_auf|BT_Schluesselschalter_zu|BT_Unlock_Taster|BT_Lock_Taster|BT_Sperrklinke|BT_TAG_betaetigt|BT_TIG_betaetigt|BT_EC_Spiegel_Helligkeit|BT_Sp_Heizung_Anf|BT_Tuer_Status|BT_TSG_hinten_verbaut|BT_Sp_Blk_def|BT_FH_S_ManHoch|BT_FH_S_AutoHoch|BT_FH_S_ManTief|BT_FH_S_AutoTief|BT_FH_Oeffnung|BT_FH_Bew_hoch|BT_FH_Bew_tief|BT_FH_Fang|BT_FH_Block|BT_FH_Thermo|BT_UEKB_aktiviert|BT_Kisi_Fehler|BT_FH_normiert|BT_Schliesstaster|BT_Zuziehhilfe_aktiv|BT_SP_ausgerastet|BT_SP_lr_aktiv|BT_SP_ht_aktiv|BT_SP_Heizung_aktiv|BT_Oben_Block_erw|BT_Unten_Block_erw|BT_Tuer_Status_QBit|BFS_Status_eTAG|BT_TCR_Mode_aktiv|BT_SP_Heizung_Status|ASW_Warnung_aktiv_BFS|BT_FH_Pos_oben|BT_Tuerschloss_defekt|BT_Tueroeffnen_Warnung|BT_Lock_Taster_inv|BT_Schluesselschalter_zu_inv|BT_SWA_HMI_defekt|BT_ASW_HMI_defekt,500,Cross-Domain / Gateway Candidate,Body/comfort/infotainment semantics observed; gateway routing or domain sharing is possible
0x3F8,no,8,130,2.000373,500.034844,499.780893,500.317097,0000000200000000,no,1,HLR_02,Gateway|Gateway_PAG,BedienSG_hi|ZR_High,HLR_FlHz_Freigabe_Ruhesitz|HLR_FlHz_Freigabe_VR|HLR_FlHz_Freigabe_VL|HLR_FlHz_Freigabe_HR|HLR_FlHz_Freigabe_HL|HLR_TCH_Freigabe|HLR_SIH_Freigabe_Fond|HLR_Sp_Heizung_Freigabe_BT|HLR_Sp_Heizung_Freigabe_FT|HLR_KRH_Freigabe_VL|HLR_KRH_Freigabe_VR|HLR_SIH_Freigabe_VL|HLR_SIH_Freigabe_VR|HLR_SIH_Freigabe_HL|HLR_SIH_Freigabe_HR|HLR_SIL_Freigabe_VL|HLR_SIL_Freigabe_VR|HLR_SIL_Freigabe_HL|HLR_SIL_Freigabe_HR|HLR_FSH_Freigabe|HLR_HSH_Freigabe|HLR_LRH_Freigabe|HLR_PTC_linear_Freigabe|HLR_PTC_Freigabe,500,Cross-Domain / Gateway Candidate,Body/comfort/infotainment semantics observed; gateway routing or domain sharing is possible
0x3FE,no,8,65,1.000186,1000.072017,999.830961,1000.507116,0000000000000020,no,1,,,,,,Ambiguous,CAN ID not present in A5.dbc
0x466,no,8,130,2.000373,500.031349,499.488831,500.573158,0000000000000000,no,1,,,,,,Ambiguous,CAN ID not present in A5.dbc
0x484,no,8,65,1.000186,1000.069063,999.824047,1000.315905,1CF88F010B28F87F,yes,7,NavData_01,ZR_High|ZR_LIMU|ZR_MIB_TOP_ab_Gen3|ZR_Standard,BedienSG_hi|Gateway|Gateway_PAG|OTA_FC,ND_VDOP|ND_TDOP|ND_HDOP|ND_GDOP|ND_PDOP|ND_Heading|ND_Init,200,Cross-Domain / Gateway Candidate,Body/comfort/infotainment semantics observed; gateway routing or domain sharing is possible
0x485,no,8,65,1.000186,1000.069361,999.819040,1000.312090,171D0015BC66796A,yes,65,NavData_02,ZR_High|ZR_LIMU|ZR_MIB_TOP_ab_Gen3|ZR_Standard,BedienSG_hi|Gateway|Gateway_PAG|OTA_FC,ND_SatInUse|POS_Guete_horizontal_verfuegbar|ND_SatInView|POS_Guete_horizontal|NP_Altitude|ND_UTC,200,Cross-Domain / Gateway Candidate,Body/comfort/infotainment semantics observed; gateway routing or domain sharing is possible
0x486,no,8,65,1.000186,1000.065669,999.812126,1000.319004,F9E93DE2388E3CEE,yes,26,NavPos_01,ZR_High|ZR_LIMU|ZR_MIB_TOP_ab_Gen3|ZR_Standard,BedienSG_hi|Gateway|Gateway_PAG|OTA_FC,NP_LatDegree|NP_LongDegree|NP_LatDirection|NP_LongDirection|NP_Sat|NP_Fix,200,Cross-Domain / Gateway Candidate,Body/comfort/infotainment semantics observed; gateway routing or domain sharing is possible
0x497,no,8,65,1.000186,999.988955,994.714022,1000.265121,0000000046440020,no,1,Parkhilfe_01,Gateway|Gateway_PAG,ZR_High|ZR_LIMU|ZR_MIB_TOP_ab_Gen3|ZR_Standard,PH_Visualisierung|PDC_Tonausgabe_Front|PDC_Tonausgabe_Heck|PH_nachtr_Stopp_Anf|PH_Abschaltursache|PH_Opt_Anzeige_V_ein|PH_Opt_Anzeige_H_ein|PH_Opt_Anz_V_Hindernis|PH_Opt_Anz_H_Hindernis|PH_Tongeber_V_aktiv|PH_Tongeber_H_aktiv|PH_Tongeber_mute|PH_Anf_Audioabsenkung|PH_Tongeber_H_verfuegbar|PLA_Anf_Aufschaltung_RVC|PH_Taster|PH_Anf_Verdeck|PH_Frequenz_hinten|PH_Lautstaerke_hinten|PH_Frequenz_vorn|PH_Lautstaerke_vorn|PH_StartStopp_Info|PH_Stoermeldung|PH_defekt|PH_gestoert|PH_Systemzustand|PH_Display_Kundenwunsch,100,Cross-Domain / Gateway Candidate,Body/comfort/infotainment semantics observed; gateway routing or domain sharing is possible
0x49A,no,8,650,10.001863,100.002727,99.478960,100.546122,0000000000000000,no,1,Mem_FS_01,Gateway|Gateway_PAG,ZR_High,FS_Fond_Bed_enable|FS_Lehne_nicht_verriegelt|FS_Spezialposition_anfahren|FS_Gurtbringer_Sperre|FS_BFS_Sitzsym_Anfahrt|FS_Sitzfahrt_aktiv|FS_SLV_aktiv|FS_SHV_aktiv|FS_LNV_aktiv|FS_SNV_aktiv|FS_KSV_aktiv|FS_LKV_aktiv|FS_STV_aktiv|FS_LHV_aktiv|FS_LWV_aktiv|FS_GHV_aktiv|FS_BFS_KSS_Anfahrt|FS_MMB_lokal_Stop|FS_NFA_einfahren|FS_Kollisionsbereich_Windschott|FS_MMB_storage|FS_MMB_tipp|FS_MMB_tast|FS_MMB_store_LED_on|FS_MMB_storage_beep|FS_MMB_store|FS_MMB_glob_stop|FS_EE_Fond_FS_enable|FS_EE_Fond_BFS_enable|FS_BFS_Fond_Verst_enable|FS_EE_BFS_enable|FS_Kollisionsgefahr_Windschott,100,Cross-Domain / Gateway Candidate,Body/comfort/infotainment semantics observed; gateway routing or domain sharing is possible
0x503,no,8,650,10.001863,100.005857,99.018097,100.981951,4602000000000000,yes,16,HVK_01,Gateway|Gateway_PAG,OTA_FC|ZR_High,HVK_01_CRC|HVK_01_BZ|HVK_Istmodus_Anf|HVK_TN1_Sollmodus|HVK_MO_EmSollzustand|HVK_BMS_Sollmodus|HVK_DCDC_Sollmodus|HVK_EKK_Sollmodus|HVK_HVPTC_Sollmodus|HVK_HVLM_Sollmodus|HVK_HV_Netz_Warnungen|HV_Bordnetz_aktiv|HV_Bordnetz_Fehler|HVK_Gesamtst_Spgfreiheit|HVK_AktiveEntladung_Anf|HVK_Iso_Messung_Start|HVK_AIAD_Sollmodus_2|HVK_DCDC_EKK_Sollmodus,100,Possible P-CAN,Powertrain message/signal semantics observed; DBC transmitter is gateway or domain can be shared
0x504,no,8,650,10.001863,100.007262,99.342108,100.764990,8102000000000000,yes,16,,,,,,Ambiguous,CAN ID not present in A5.dbc
0x50F,no,8,650,10.001863,99.995479,99.179029,100.962877,0000E43F00FE0000,no,1,,,,,,Ambiguous,CAN ID not present in A5.dbc
0x520,no,8,325,5.000931,200.010784,199.942827,200.064898,3E07000C00AA120A,yes,23,Airbag_02,Gateway|Gateway_PAG,BedienSG_hi|GurtMikrofon|ZR_High|ZR_LIMU|ZR_MIB_TOP_ab_Gen3|ZR_Standard,Airbag_02_CRC|Airbag_02_BZ|LoGeWa_Event_Kombiwarnung|AB_Anforderung_eCall|AB_Anprall_Seite_Beifahrer|AB_Anprall_Rollover|AB_Anprall_FGS|AB_Anprall_Front_Beifahrer|AB_Anprall_Front_Fahrer|AB_Anprall_Heck_Beifahrer|AB_Anprall_Heck_Fahrer|AB_Wickelklappung_Reihe2_MI|AB_Belegung_VB|AB_Abschaltanf_SIH_BF|AB_Anprall_Seite_Fahrer|SC_PAO_Schriftzug_Anf|SC_PAO_ON_Anf|SC_PAO_OFF_Anf|AB_Crashschwere|AB_Anforderung_USM|AB_Gurtschloss_FA|AB_Gurtschloss_BF|AB_Gurtschloss_Reihe2_FA|AB_Gurtschloss_Reihe2_MI|AB_Gurtschloss_Reihe2_BF|AB_Gurtschloss_Reihe3_FA|AB_Gurtschloss_Reihe3_MI|AB_Gurtschloss_Reihe3_BF|AB_Sitzpos_Sens_FA|AB_Sitzpos_Sens_BF|AB_Wickelklappung_Reihe2_BF|AB_Wickelklappung_Reihe2_FA,200,Ambiguous,DBC mapping lacks domain-specific evidence
0x54B,no,8,130,2.000373,500.010666,498.971939,501.057148,4000000000000000,no,1,Parkhilfe_04,Gateway|Gateway_PAG,ZR_LIMU|ZR_MIB_TOP_ab_Gen3,PH_Verschmutzungsmeldung|PH_Aufschaltursache|PH_Ton_Ausgabe|PH_Ton_Pausenlaenge|PH_Ton_Richtung|PH_Ton_Lautstaerke|BCM_WAH_Meldung|PDC_Charisma_Status|PDC_Charisma_FahrPr,500,Cross-Domain / Gateway Candidate,Body/comfort/infotainment semantics observed; gateway routing or domain sharing is possible
0x552,no,8,650,10.001863,100.007729,99.333048,100.733995,00000000FCE73F00,no,1,,,,,,Ambiguous,CAN ID not present in A5.dbc
0x556,no,8,68,1.046349,960.051284,959.494114,960.594893,001000009200FEFE,no,1,,,,,,Ambiguous,CAN ID not present in A5.dbc
0x583,no,8,324,4.985544,200.015050,198.358059,201.664925,0050801F03044000,no,1,ZV_02,Gateway|Gateway_PAG,BedienDisp_vo|DDA|OTA_FC|ZR_High|ZR_LIMU|ZR_MIB_TOP_ab_Gen3|ZR_Standard,BCM_FH_Freigabe|BCM_Komfortfkt_Freigabe|BCM_HSK_Freigabe|BCM_Verdeck_Freigabe|ZV_verriegelt_intern_ist|ZV_verriegelt_extern_ist|ZV_verriegelt_intern_soll|ZV_verriegelt_extern_soll|ZV_gesafet_extern_ist|ZV_gesafet_extern_soll|ZV_Einzeltuerentriegelung|ZV_Heckeinzelentriegelung|ZV_FT_offen|ZV_BT_offen|ZV_HFS_offen|ZV_HBFS_offen|ZV_HD_offen|ZV_HS_offen|IRUE_aktiv|DWA_aktiv|HD_Hauptraste|HD_Vorraste|FFB_CarFinder|FFB_Komfortoeffnen|FFB_Komfortschliessen|ZV_Schluessel_Zugang|ZV_SafeFunktion_aktiv|FBS_Warn_Schluessel_Batt|ZV_Oeffnungsmodus|HFS_verriegelt|HFS_gesafet|HBFS_verriegelt|HBFS_gesafet|ZV_ist_Zustand_verfuegbar|IRUE_Taster_Fkts_LED|ZV_Tankklappe_offen|ZV_Rollo_auf|ZV_Rollo_zu|ZV_SAD_auf|ZV_SAD_zu|BCM_Tankklappensteller_Fehler|ZV_verriegelt_soll,200,Cross-Domain / Gateway Candidate,Body/comfort/infotainment semantics observed; gateway routing or domain sharing is possible
0x585,no,8,65,1.000186,1000.070609,999.716997,1000.543118,3F2C025C160300FC,no,1,Systeminfo_01,Gateway|Gateway_PAG,BedienDisp_vo|BedienSG_hi|DDA|OTA_FC|ZR_High|ZR_LIMU|ZR_MIB_TOP_ab_Gen3|ZR_Standard,SI_Sammel_SG_Fehler|SI_Diagnose_Aktiv|SI_QRS_Mode|SI_T_Mode|SI_NWDF|SI_NWDF_gueltig|SI_Sammelfehler|GW_KD_Fehler|SI_T_Schutz|SI_BUS_01|SI_BUS_02|SI_BUS_03|SI_BUS_04|SI_BUS_05|SI_BUS_06|SI_BUS_07|SI_BUS_08|SI_BUS_09|SI_BUS_10|SI_BUS_11|SI_BUS_12|SI_BUS_13|SI_BUS_14|SI_BUS_15|SI_Bus_Identifikation|SI_CAB,1000,Ambiguous,DBC mapping lacks domain-specific evidence
0x588,no,8,130,2.000373,500.012450,499.027014,500.540972,0000000000000000,no,1,HLR_01,Gateway|Gateway_PAG,ZR_High,FSH_LED|HSH_LED|SIH_Stufe_LED_li|SIH_Stufe_LED_re|SIL_Stufe_LED_li|SIL_Stufe_LED_re|KRH_Stufe_LED_li|KRH_Stufe_LED_re|BCM1_TCH_HLR_Anf|HLR_SIH_Freigabe_Fond|SIL_Stufe_LED_HL|SIL_Stufe_LED_HR|SIH_Stufe_LED_HL|SIH_Stufe_LED_HR,500,Cross-Domain / Gateway Candidate,Body/comfort/infotainment semantics observed; gateway routing or domain sharing is possible
0x58F,no,8,203,3.123659,320.018316,318.981886,321.047068,0020FEB3FE0E0000,yes,2,,,,,,Ambiguous,CAN ID not present in A5.dbc
0x590,no,8,324,4.985544,200.015811,197.868109,202.152967,000000000030917E,no,1,Kessy_12,Gateway|Gateway_PAG,ZR_High|ZR_LIMU|ZR_MIB_TOP_ab_Gen3|ZR_Standard,FBS_Warn_Schluessel_Batt|KY_FFB_Frequenz|KY_HF_Aktiv|KY_LF_Aktiv|KY_KYL_Fahrer_Hinweise|KY_StartStopp_Info|KY_Keyless_Verbau|KY_Keyless_Go_Verbau|KY_Transponder_aktiv|KYL_Warn_kein_Schluessel|KYL_Warn_Kessy_defekt|KYL_Warn_Notzuendschloss|KY_Fzg_Verlassen_erkannt|KY_Fzg_Zugang_erkannt|KY_Indikator_Mehrere_Schluessel|KY_NFC_Fahrer_Hinweise|KST_Wegstrecke_Challenge,200,Cross-Domain / Gateway Candidate,Body/comfort/infotainment semantics observed; gateway routing or domain sharing is possible
0x5A0,no,8,65,1.000186,1000.068873,1000.037909,1000.123024,109D812E78000000,yes,15,RLS_01,Gateway|Gateway_PAG,OTA_FC|ZR_High,LS_Helligkeit_IR|LS_Helligkeit_FW|LS_defekt|LS_Verbau|RS_Regenmenge|RS_Verbau|RS_Verglasung_schliessen|RS_defekt|RS_Wischergeschwindigkeit|RLS_Vorfeldhelligkeit_Boost,200,Ambiguous,DBC mapping lacks domain-specific evidence
0x5A1,no,8,130,2.000373,499.979125,499.257088,500.700951,80B510F801000000,no,1,Klima_13,Gateway|Gateway_PAG,BedienDisp_vo|ZR_High,KL_Temp_Soll_hl|KL_Temp_Soll_hr|KL_Temp_Soll_vl|KL_Temp_Soll_vr|KL_SIH_Stufe_hl|KL_SIH_Stufe_hr|KL_SIL_Stufe_hl|KL_SIL_Stufe_hr|KL_SIL_LEL_Verteilung_HR|KL_SIL_LEL_Verteilung_HL|KL_SIH_LEH_Verteilung_HR|KL_PTC_linear_Anf|KL_SIH_LEH_Verteilung_HL|KL_Frischluftklappe_Status,500,Cross-Domain / Gateway Candidate,Body/comfort/infotainment semantics observed; gateway routing or domain sharing is possible
0x5AC,no,8,650,10.001863,100.007725,98.776102,101.454020,1C081E80FEF70700,no,1,,,,,,Ambiguous,CAN ID not present in A5.dbc
0x5BB,no,8,130,2.000373,499.994125,497.204065,502.922058,0909000000000000,no,1,SoSe_01,Gateway|Gateway_PAG,ZR_High,SoSe_SunInt_2D_Li|SoSe_SunInt_2D_Re,500,Cross-Domain / Gateway Candidate,Body/comfort/infotainment semantics observed; gateway routing or domain sharing is possible
0x5E0,no,8,130,2.000373,499.922155,499.021053,500.699043,0000008009008000,yes,2,SAD_01,Gateway|Gateway_PAG,BedienDisp_vo|BedienSG_hi|DDA|OTA_FC|ZR_High|ZR_LIMU|ZR_MIB_TOP_ab_Gen3|ZR_Standard,MD1_Position|MD1_Lage|MD3_Position|MD3_Lage|MRollo_Position|MRollo_Lage|SAD_normiert|SAD_Thermoschutz|SAD_UEKB_aktiv|Rollo_normiert|Rollo_Thermoschutz|Rollo_UEKB_aktiv|SAD_Taster_Deckel_hi|SAD_Taster_Deckel_vo|SAD_Taster_Rollo_hi|SAD_Taster_Rollo_vo|SAD_Anf_ESC_Zuschaltung|SAD_Text|SAD_ToggleBit|SAD_ParityBit,500,Cross-Domain / Gateway Candidate,Body/comfort/infotainment semantics observed; gateway routing or domain sharing is possible
0x5E1,no,8,325,5.000931,199.999198,197.089911,202.948093,BC1A0060AD000000,yes,6,Klima_Sensor_02,Gateway|Gateway_PAG,ZR_LIMU|ZR_MIB_TOP_ab_Gen3,BCM1_Aussen_Temp_ungef|BCM_Heizungsabsperrventil_Status|BCM_Heizungspumpe_Status|BCM_Kompressorkupplung_Status|BCM1_PTC_stufig_Status|BCM1_FStatus_Aussentemp_ungef|BCM1_Kompressorstrom_ist|BCM1_OBD_FStatus_ATemp,1000,Cross-Domain / Gateway Candidate,Body/comfort/infotainment semantics observed; gateway routing or domain sharing is possible
0x5E9,no,8,325,5.000931,199.991846,199.229956,200.683117,00E1430000000000,yes,5,,,,,,Ambiguous,CAN ID not present in A5.dbc
0x5F0,no,8,685,10.540424,94.911864,58.145046,201.581001,FFFF7FAE097E0000,yes,27,Dimmung_01,Gateway|Gateway_PAG,BedienDisp_vo|BedienSG_hi|OTA_FC|ZR_High|ZR_LIMU|ZR_MIB_TOP_ab_Gen3|ZR_Standard,DI_KL_58xd|DI_KL_58xs|DI_Display_Nachtdesign|DI_KL_58xt|DI_Fotosensor|BCM1_Stellgroesse_Kl_58s,200,Cross-Domain / Gateway Candidate,Body/comfort/infotainment semantics observed; gateway routing or domain sharing is possible
0x5F5,no,8,130,2.000373,500.034210,499.688864,500.388145,3D02F8BF4763A047,no,1,,,,,,Ambiguous,CAN ID not present in A5.dbc
0x5F7,no,8,130,2.000373,500.034218,499.689102,500.388861,002211A9FFFDE7FF,no,1,,,,,,Ambiguous,CAN ID not present in A5.dbc
0x640,no,8,203,3.123659,320.017039,318.932056,321.064949,80928BB67E421104,yes,2,Motor_07,Gateway|Gateway_PAG,BedienSG_hi|OTA_FC|ZR_High,MO_QBit_Ansaugluft_Temp|MO_QBit_Oel_Temp|MO_QBit_Kuehlmittel_Temp|MO_KL15_Abschaltempfehlung|MO_HYB_Fehler_HV_Netz|MO_aktives_Getriebeheizen|MO_Absperrventil_oeffnen|MO_Ansaugluft_Temp|MO_Oel_Temp|MO_Kuehlmittel_Temp|MO_Hoeheninfo|MO_Kennfeldk|MO_Versionsinfo_02|MO_QBit_Hoeheninfo|MO_Getriebe_kuehlen|MO_Mom_Traegheit_02|MO_Heizungspumpenansteuerung|MO_SpannungsAnf|MO_Nachlaufzeit_Heizungspumpe,320,Possible P-CAN,Powertrain message/signal semantics observed; DBC transmitter is gateway or domain can be shared
0x641,no,8,68,1.046349,960.051284,959.378004,960.700989,485B0EC614140024,yes,16,Motor_Code_01,Gateway|Gateway_PAG,ZR_High|ZR_LIMU|ZR_MIB_TOP_ab_Gen3|ZR_Standard,Motor_Code_01_CRC|Motor_Code_01_BZ|MO_Faktor_Momente_02|MO_Hybridfahrzeug|MO_Code|MO_Getriebe_Code|MO_StartStopp_Codiert|MO_Anzeige_StSt_gueltig|MO_Anzahl_Zyl|MO_Kraftstoffart|MO_Hubraum|MO_Ansaugsystem|MO_Leistung|MO_OBD_Typ|MO_DPF_verbaut|TSK_Codierung,960,Possible P-CAN,Powertrain message/signal semantics observed; DBC transmitter is gateway or domain can be shared
0x643,no,8,65,1.000186,1000.043955,999.289989,1000.637054,0213120000000000,no,1,Einheiten_01,Gateway|Gateway_PAG,BedienDisp_vo|BedienSG_hi|OTA_FC|ZR_High|ZR_Standard,KBI_Einheit_Datum|KBI_Einheit_Druck|KBI_Einheit_Streckenanz|KBI_MFA_v_Einheit_02|KBI_Einheit_Temp|KBI_Einheit_Uhrzeit|KBI_Einheit_Verbrauch|KBI_Einheit_Volumen|KBI_Einheit_Verbrauch_elektr|KBI_Einheit_Sprache|KBI_Einheit_Verbrauch_Gas|KBI_Einheit_Masse,1000,Ambiguous,DBC mapping lacks domain-specific evidence
0x647,no,8,203,3.123659,320.015767,319.149971,320.871115,B8FEFF7F00000069,yes,4,Motor_09,Gateway|Gateway_PAG,OTA_FC|ZR_High,MO_ITM_Kuehlmittel_Temp|MO_E85_Sensor|SCR_Anz_Motorstarts|SCR_Reichweite|MO_Ethanol_Spuelhinweis|SCR_Warnstufe_1|SCR_Warnstufe_2|SCR_Text|SCR_Akustik|SCR_verbaut|MO_Kraftstofffilter_Wasser|SCR_Systemfehler|SCR_Inducement_Strategie|MO_CO2_Faktor|MO_MKB_MUX|MO_MKB_01|MO_MKB_02|MO_MKB_03|MO_MKB_04,320,Possible P-CAN,Powertrain message/signal semantics observed; DBC transmitter is gateway or domain can be shared
0x648,no,8,65,1.000186,999.962360,999.567032,1000.399113,33883300B0163363,no,1,Klima_07,Gateway|Gateway_PAG,ZR_High,KL_AUTO_HL_Soll|KL_AUTO_HR_Soll|KL_AC_Fond_Soll|KL_Fondbedienung_aktiv|KL_Status_Soll|KL_Befehlszaehler_FH|KL_Luftmenge_HR_Soll|KL_Luftmenge_HL_Soll|KL_Luftverteilung_HR_Soll|KL_Luftverteilung_HL_Soll|KL_SL_HL_Soll|KL_SL_HR_Soll|KL_SH_HR_Soll|KL_SH_HL_Soll|KL_Temp_HL_Soll|KL_Temp_HR_Soll|KL_Luftmenge_HR_max|KL_Luftmenge_HL_max|KL_Luftmenge_HR_offset|KL_Luftmenge_HL_offset,1000,Cross-Domain / Gateway Candidate,Body/comfort/infotainment semantics observed; gateway routing or domain sharing is possible
0x64F,no,8,65,1.000186,1000.028796,998.898983,1000.846863,0000C0FE00000000,no,1,BCM1_04,Gateway|Gateway_PAG,ZR_High,CHA_Kombi_Texte|BCM1_HUD_Eyeboxposition|BCM1_HUD_Eyeboxposition_Status|BCM1_HUD_Taster|BCM1_Stellgroesse_Kl_58s|BCM1_LDS_Stellung|BCM1_Lichtwarn_Texte|CHA_Drehschalter_Modus|KRH_Stufe_LED_li|KRH_Stufe_LED_re|BCM1_Spannungs_Anf|LV_Laserlicht_Texte|BCM1_Hinweis_Lichtnachlauf|LV_LED_Scheinwerfer_li_def|LV_LED_Scheinwerfer_re_def|BCM1_Status_Ladeanzeige,1000,Cross-Domain / Gateway Candidate,Body/comfort/infotainment semantics observed; gateway routing or domain sharing is possible
0x650,no,8,65,1.000186,1000.009764,998.129845,1001.970053,0097430000000000,no,1,Radio_01,ZR_High|ZR_LIMU|ZR_MIB_TOP_ab_Gen3|ZR_Standard,Gateway|Gateway_PAG,RA_Radio_on|RA_PowerAmpOn|RA_Radio_mute|RA_VNC_OFF|RA_Radio_Surround|RA_Radio_Error_Flag|RA_Frequency|RA_Frequency_unit|RA_AM_Tuning,1000,Cross-Domain / Gateway Candidate,Body/comfort/infotainment semantics observed; gateway routing or domain sharing is possible
0x65A,no,8,65,1.000186,1000.023782,998.776913,1001.209974,00800638000E0000,no,1,BCM_01,Gateway|Gateway_PAG,DDA|OTA_FC|ZR_High,BCM_Bremsbelag_Sensor|BCM_Bremsfluessigkeit_Sensor|BCM1_Licht_Warn|BCM_Waschwasser_Sensor|BCM_Kuehlmittel_Sensor|BCM1_Kl_15_HW_erkannt|BCM1_Kl_15_Sig_HW_erkannt|BCM_Kuehlmittel_Sensor_02|BCM1_Hinweis_Lichtnachlauf|BCM_Offroad_Taste|BCM_Hybrid_StSt_Taste_Fehler|BCM_Hybrid_StartStopp_Taste|BCM1_Warnblink_Taster|BCM1_Valet_Parking_Taster|BCM1_LDS_Stellung|BCM1_Rueckfahrlicht_Schalter|BCM1_MH_Schalter|BCM1_MH_WIV_Schalter|BCM_Eco_Charisma_Taste|BCM1_NV_Taster|BCM1_AFS_Lampe|BCM1_Reisemodus_Texte|BCM1_Lichtwarn_Texte|Gong_TFL_Umschaltung|UGDO_Function_01|APS_Tongeber_defekt|BCM1_EasyEntry_Status|BCM1_Lenksaeule_aktiv|BCM1_St_SW_Diebstahl_links|BCM1_St_SW_Diebstahl_rechts|ISP_Dimmung_ASP_02|BCM1_Schluesselsuche_Anf|BCM1_Fahrlicht_Hinweis|BCM_HDF_betaetigt,1000,Cross-Domain / Gateway Candidate,Body/comfort/infotainment semantics observed; gateway routing or domain sharing is possible
0x65D,no,8,65,1.000186,1000.069249,999.839067,1000.311852,BF3C30120000347E,yes,16,ESP_20,Gateway|Gateway_PAG,ZR_High|ZR_LIMU|ZR_MIB_TOP_ab_Gen3|ZR_Standard,ESP_20_CRC|ESP_20_BZ|BR_Systemart|ESP_SpannungsAnf_02|ESP_Zaehnezahl|ESP_Charisma_FahrPr|ESP_Charisma_Status|ESP_Wiederstart_Anz_01|ESP_Wiederstart_Anz_02|ESP_Wiederstart_Anz_03|ESP_Wiederstart_Anz_04|ESP_Stoppverbot_Anz_01|ESP_Stoppverbot_Anz_02|ESP_Stoppverbot_Anz_03|ESP_Stoppverbot_Anz_04|ESP_Stoppverbot_Anz_05|ESP_Stoppverbot_Anz_06|ESP_Stoppverbot_Anz_07|ESP_Stoppverbot_Anz_Std|ESP_Dachrelingsensor|ESP_Stoppverbot_Anz_08|HDC_Charisma_FahrPr|HDC_Charisma_Status|BR_QBit_Reifenumfang|BR_Reifenumfang,160,Possible P-CAN,Powertrain message/signal semantics observed; DBC transmitter is gateway or domain can be shared
0x663,no,8,650,10.001863,100.006755,99.721909,100.331068,6000200700B72704,no,1,NVEM_02,Gateway|Gateway_PAG,BedienDisp_vo|BedienSG_hi|DDA|OTA_FC|ZR_High|ZR_LIMU|ZR_MIB_TOP_ab_Gen3|ZR_Standard,BEM_02_Abschaltstufen|BEM_STH_Zielzeit|BEM_MMI_Vorwarnung|NVEM_Anf_SD_schalten|BEM_Generatordiagnose|BEM_Red_Innengeblaese|BEM_STH_Einschaltverbot|BEM_HL_Regelung_Status|BEM_Ladezustand|BEM_Batteriediagnose|MIB_Stromsparmodus|BEM_REK_aktiv|NVEM_Last_Anf|BEM_UBDM|BEM_UGenSoll|BEM_Anf_KL15_schalten|NVEM_Batterie_Service|NVEM_Freigabe_OnlineUpdate|NVEM_Freigabe_ORU4,100,Ambiguous,DBC mapping lacks domain-specific evidence
0x668,no,8,325,5.000931,199.991846,198.284149,201.701880,020000000029BA2A,no,1,Klima_12,Gateway|Gateway_PAG,OTA_FC|ZR_High|ZR_LIMU|ZR_MIB_TOP_ab_Gen3|ZR_Standard,KL_LRH_Taster|KL_LRH_Stufe|HSH_Taster|FSH_Taster|KL_Zuheizer_Freigabe|KL_Beschlagsgefahr|KL_SIH_Soll_li|KL_SIH_Soll_re|KRH_Soll_li|KL_SIL_Soll_li|KL_SIL_Soll_re|KRH_Soll_re|KL_Geblspng_Soll|KL_Geblspng_Fond_Soll|KL_I_Geblaese|KL_Kompressorstrom_soll|KL_Umluftklappe_Status|KL_PTC_Verbauinfo,200,Cross-Domain / Gateway Candidate,Body/comfort/infotainment semantics observed; gateway routing or domain sharing is possible
0x66E,no,8,32,0.492399,1999.929905,1999.243021,2000.591040,F000A501A0000000,yes,2,Klima_03,Gateway|Gateway_PAG,BedienSG_hi|OTA_FC|ZR_High,KL_STL_aktiv|KL_STH_aktiv|KL_Solarluefter_aktiv|KL_Umluft_Taste|KL_Geblaese_Fond_Status|KL_STH_Ansteuerung|KL_STH_Betriebsdauer|KL_Magnetventil|KL_WaPu|KL_Geblaese_Status|KL_Restwaerme_aktiv|KL_Kompressorkupplung|KL_BCmE_Livetip_Freigabe|KL_HYB_ASV_hinten_schliessen_Anf|KL_HYB_ASV_vorne_schliessen_Anf|KL_ErwVK_Zusatzrelais|KL_Status_Beduftung|KL_Status_Ionisator_Front|KL_STH_Timer_Status|KL_ErwVK_Anf|KL_Innen_Temp|KL_I_Geblaese_Fond|KL_Anf_AussenspiegelHzg|KL_Heizkreisventilstellung|KL_FSH_Automatikbetrieb|KL_SIH_LEH_Verteilung_VL|KL_SIH_LEL_Verteilung_VL|KL_SIH_LEH_Verteilung_VR|KL_SIH_LEL_Verteilung_VR,2000,Cross-Domain / Gateway Candidate,Body/comfort/infotainment semantics observed; gateway routing or domain sharing is possible
0x66F,no,8,650,10.001863,99.995539,97.214222,102.785826,FEFE00FEFE00FEFE,no,1,,,,,,Ambiguous,CAN ID not present in A5.dbc
0x670,no,8,130,2.000373,500.026884,499.300003,500.720978,001010000001007C,no,1,Motor_18,Gateway|Gateway_PAG,ZR_High|ZR_LIMU|ZR_MIB_TOP_ab_Gen3|ZR_Standard,MO_max_Ladedruck|MO_ANC_Kennfeld_Anf|MO_Bremslicht_Reku|MO_StartStopp_PopUp|MO1_Sperr_Info_WFS|MO1_Freigabe_Info_WFS|MO_EPCL|MO_Zylabsch_Texte_02|MO_Fahrzeugtyp|MO_NMAX_Schaltanzeige|MO_Abstellzeit|MO_Abstellzeit_Status|MO1_Freigabe_Verfallsinfo_WFS|MO_Hybrid_StartStopp_LED|MO_Fehler_Zylabsch|MO_Anzahl_Abgesch_Zyl|MO_Zylabsch_Texte|MO_Ethanol_BS_Texte|MO_Drehzahl_Warnung|MO_obere_Drehzahlgrenze,500,Possible P-CAN,Powertrain message/signal semantics observed; DBC transmitter is gateway or domain can be shared
0x671,no,8,32,0.492399,1999.937227,1999.473095,2000.597000,0008282B00000000,no,1,,,,,,Ambiguous,CAN ID not present in A5.dbc
0x67F,no,8,65,1.000186,999.970108,998.943806,1001.079082,0000FE03FE03FEFE,no,1,Klima_05,Gateway|Gateway_PAG,ZR_High,KL_Mod_Display_li|KL_Mod_Display_re|KL_Fondbed_vorne_aktiv|KL_Fond_re_reduziert|KL_Fond_li_reduziert|KL_Absperrventil_Fond|KL_SH_HL_Lastabschaltung|KL_SH_HR_Lastabschaltung|KL_Sollausblastemp_HL|KL_Einheiten|KL_Kindersicherung|KL_Heizverbraucher_aus|KL_Heizverbraucher_Notaus|KL_Gebl_Verst_Abs_Modus|KL_Sollausblastemp_HR|KL_ICO2_Sensor_defekt|KL_Umluft|KL_Geblaesespg_Fond,1000,Cross-Domain / Gateway Candidate,Body/comfort/infotainment semantics observed; gateway routing or domain sharing is possible
0x6A6,no,8,130,2.000373,499.991482,496.153831,503.946066,1000020000000000,no,1,Wischer_01,Gateway|Gateway_PAG,OTA_FC|ZR_High,Wischer_vorne_aktiv|Waschen_vorne_aktiv|Wischer_vorne_Normal|Wischer_vorne_Schnell|Wischer_vorne_Parklage|Wischer_vorne_defekt|Wischer_vorne_blockiert|Wischer1_Wischgeschwindigkeit|BCM1_SRA_aktiv|Heckwischer_Anforderung|WWSs_01_upd|Wischer_Anzeigetext,500,Cross-Domain / Gateway Candidate,Body/comfort/infotainment semantics observed; gateway routing or domain sharing is possible
0x6B0,no,6,130,2.000373,499.991994,496.186972,503.833055,3A02EE029647,yes,6,Klima_Sensor_01,Gateway|Gateway_PAG,OTA_FC|ZR_High,FS_Taupunkt|FS_ResponseError|FS_Temp_Scheibe|FS_Temp_Sensor|FS_Luftfeuchte_rel,500,Cross-Domain / Gateway Candidate,Body/comfort/infotainment semantics observed; gateway routing or domain sharing is possible
0x6B2,no,8,65,1.000186,1000.071391,999.806881,1000.386000,008901A041E5641A,yes,65,Diagnose_01,Gateway|Gateway_PAG,BedienDisp_vo|BedienSG_hi|DDA|GurtMikrofon|OTA_FC|ZR_High|ZR_LIMU|ZR_MIB_TOP_ab_Gen3|ZR_Standard,DGN_Verlernzaehler|KBI_Kilometerstand|UH_Jahr|UH_Monat|UH_Tag|UH_Stunde|UH_Minute|UH_Sekunde|Kombi_02_alt|Uhrzeit_01_alt,1000,Ambiguous,DBC mapping lacks domain-specific evidence
0x6B4,no,8,324,4.985544,200.019115,196.002960,203.999996,015A5A5A4635584D,yes,3,VIN_01,Gateway|Gateway_PAG,BedienSG_hi|DDA|OTA_FC|ZR_High|ZR_LIMU|ZR_MIB_TOP_ab_Gen3|ZR_Standard,VIN_01_MUX|KS_Geheimnis_1|VIN_4|VIN_11|KS_Geheimnis_2|VIN_5|VIN_12|KS_Geheimnis_3|VIN_6|VIN_13|KS_Geheimnis_4|VIN_7|VIN_14|VIN_1|VIN_8|VIN_15|VIN_2|VIN_9|VIN_16|VIN_3|VIN_10|VIN_17,200,Ambiguous,DBC mapping lacks domain-specific evidence
0x6B5,no,8,130,2.000373,499.964224,496.274948,503.690004,B1027A032E00BF03,yes,22,,,,,,Ambiguous,CAN ID not present in A5.dbc
0x6B6,no,6,65,1.000186,1000.070874,999.794006,1000.871181,831A0A0E3235,yes,65,Uhrzeit_01,Gateway|Gateway_PAG,BedienSG_hi|ZR_High,UH_Typ|UH_DLS|UH_Monat|UH_Jahr|UH_Tag|UH_Stunde|UH_Minute|UH_Sekunde,1000,Ambiguous,DBC mapping lacks domain-specific evidence
0x6B7,no,8,65,1.000186,1000.052217,999.480963,1000.721931,89019009203A00A9,no,1,Kombi_02,Gateway|Gateway_PAG,BedienDisp_vo|BedienSG_hi|OTA_FC|ZR_High|ZR_LIMU|ZR_MIB_TOP_ab_Gen3|ZR_Standard,KBI_Kilometerstand|KBI_Standzeit_02|KBI_LVDS_Lock|KBI_Reserve_Warnung_Sek|KBI_RDK_Kalibrier_Anf|KBI_Inhalt_Tank|KBI_FStatus_Tank|KBI_aktive_Laengsfunktion|KBI_FoD_PopUP_Quittiert|KBI_GRA_im_ACC|KBI_Oelwechsel_durchgefuehrt|KBI_QBit_Aussen_Temp_gef|KBI_Aussen_Temp_gef,1000,Ambiguous,DBC mapping lacks domain-specific evidence
0x6B8,no,8,130,2.000373,500.037419,498.058796,501.986027,E32790A15A740000,no,1,Kombi_03,Gateway|Gateway_PAG,BedienSG_hi|ZR_High|ZR_MIB_TOP_ab_Gen3|ZR_Standard,KBI_Reifenumfang|KBI_Variante_USA|KBI_Variante|KBI_GAP_Warn_Zeit_abgelaufen|KBI_Quittierung_Naesse|KBI_BCmE_aktiv|KBI_Sparhinweis_quittiert|KBI_Tankfuellstand_Prozent|KBI_Nachtanken_erkannt|KBI_Tankinhalt_hochaufl|KBI_Max_Tankinhalt|KBI_Reifenumfang_Sekundaer|KBI_Quittierung_cAQP,500,Ambiguous,DBC mapping lacks domain-specific evidence
0x12DD54A8,yes,8,650,10.001863,100.002385,99.462032,100.581884,00000000000080B7,yes,3,,,,,,Ambiguous,CAN ID not present in A5.dbc
0x16A9540A,yes,8,64,0.984799,1000.088446,999.123096,1001.166105,0010009240400000,no,1,Personalisierung_01,Gateway|Gateway_PAG,OTA_FC|ZR_High|ZR_LIMU|ZR_MIB_TOP_ab_Gen3|ZR_Standard,Perso_Kontonummer|Perso_Steuerung|Perso_Steuerungsparameter|Perso_Status|Perso_Bedienstelle|Perso_Freigabe_Verstellung|Perso_Aktiv|IAA_PSO_wake_up|Perso_Fahrernummer|Perso_Schreibschutz|IAA_Active_User_ID|IAA_Identified_User_ID,1000,Ambiguous,DBC mapping lacks domain-specific evidence
0x16A95414,yes,8,650,10.001863,100.007083,99.294186,100.697994,70914EC809FE5300,yes,16,,,,,,Ambiguous,CAN ID not present in A5.dbc
0x16A95415,yes,8,130,2.000373,500.035048,499.663830,500.397205,B30A0000160C9846,yes,16,,,,,,Ambiguous,CAN ID not present in A5.dbc
0x16A95418,yes,8,65,1.000186,1000.065576,999.842882,1000.119925,0EF80F03803E4422,yes,62,NavData_03,ZR_High|ZR_LIMU|ZR_MIB_TOP_ab_Gen3|ZR_Standard,BedienSG_hi|Gateway|Gateway_PAG|OTA_FC,ND_Timezone_Offset|ND_Timezone_DaylightSavingOffset|ND_Timezone_SignBit|ND_Timezone_Validity|ND_TimeToDestination|ND_RouteType|ND_TimeOffset|ND_Fuelstation_detected|ND_Velocity|ND_RecDelay|ND_SendDelay|ND_NrSameMeasure,200,Cross-Domain / Gateway Candidate,Body/comfort/infotainment semantics observed; gateway routing or domain sharing is possible
0x16A9545D,yes,8,203,3.123659,320.025828,319.037914,320.998907,0020D6FAF7EFBFFF,yes,2,,,,,,Ambiguous,CAN ID not present in A5.dbc
0x17330110,yes,3/5/8,81,1.246386,799.974298,49.933910,1000.198841,30440A,yes,10,BAP_Klima1_FSG_01,Gateway|Gateway_PAG,BedienDisp_vo|BedienSG_hi|ZR_High|ZR_LIMU|ZR_MIB_TOP_ab_Gen3|ZR_Standard,BAP_Klima1_FSG_01_Header,,Cross-Domain / Gateway Candidate,Body/comfort/infotainment semantics observed; gateway routing or domain sharing is possible
0x17330810,yes,3/4/5/6/8,92,1.415648,703.314726,49.578905,1000.317097,320F00,yes,30,BAP_Innenlicht_FSG_01,Gateway|Gateway_PAG,BedienSG_hi|ZR_High|ZR_LIMU|ZR_MIB_TOP_ab_Gen3|ZR_Standard,BAP_Innenlicht_FSG_01_Header,,Cross-Domain / Gateway Candidate,Body/comfort/infotainment semantics observed; gateway routing or domain sharing is possible
0x17330D10,yes,3/4/5/8,125,1.923435,523.828105,49.571037,1000.313044,C5000000,yes,25,BAP_Doorlocking_FSG_01,Gateway|Gateway_PAG,BedienSG_hi|ZR_High|ZR_LIMU|ZR_MIB_TOP_ab_Gen3|ZR_Standard,BAP_Doorlocking_FSG_01_Header,,Cross-Domain / Gateway Candidate,Body/comfort/infotainment semantics observed; gateway routing or domain sharing is possible
0x17330F10,yes,3/4/5/6/7/8,110,1.692623,592.591561,49.552917,1000.591993,F1FF00,yes,36,BAP_BC_FSG_01,Gateway|Gateway_PAG,BedienSG_hi|ZR_High|ZR_LIMU|ZR_MIB_TOP_ab_Gen3|ZR_Standard,BAP_BC_FSG_01_Header,,Cross-Domain / Gateway Candidate,Body/comfort/infotainment semantics observed; gateway routing or domain sharing is possible
0x17331110,yes,3/4/5/8,155,2.385060,416.314656,49.546003,890.675068,34581A080A0E2C32,yes,87,BAP_Uhrzeit_FSG_01,Gateway|Gateway_PAG,BedienSG_hi|ZR_High|ZR_LIMU|ZR_MIB_TOP_ab_Gen3|ZR_Standard,BAP_Uhrzeit_FSG_01_Header,,Cross-Domain / Gateway Candidate,Body/comfort/infotainment semantics observed; gateway routing or domain sharing is possible
0x17331310,yes,3/4/5/8,70,1.077124,927.565654,49.878836,1000.581980,34D90D0000000000,yes,16,BAP_Einheiten_FSG_01,Gateway|Gateway_PAG,BedienSG_hi|ZR_High|ZR_MIB_TOP_ab_Gen3|ZR_Standard,BAP_Einheiten_FSG_01_Header,,Cross-Domain / Gateway Candidate,Body/comfort/infotainment semantics observed; gateway routing or domain sharing is possible
0x17332810,yes,3/4/5/6/7/8,79,1.215611,821.296808,28.998852,2000.151873,3A1564,yes,22,BAP_Telefon_FSG_01,ZR_High|ZR_MIB_TOP_ab_Gen3|ZR_Standard,BedienSG_hi|Gateway|Gateway_PAG,BAP_Telefon_FSG_01_Header,,Cross-Domain / Gateway Candidate,Body/comfort/infotainment semantics observed; gateway routing or domain sharing is possible
0x17332811,yes,6/8,12,0.184650,4641.003544,9.412050,17000.417948,90103A1600000000,yes,3,BAP_Telefon_FSG_02,ZR_High|ZR_MIB_TOP_ab_Gen3|ZR_Standard,BedienSG_hi|Gateway|Gateway_PAG,BAP_Telefon_FSG_02_Header,,Cross-Domain / Gateway Candidate,Body/comfort/infotainment semantics observed; gateway routing or domain sharing is possible
0x17333110,yes,3/4/5/6/8,69,1.061736,931.783147,29.662848,2339.818001,3C5300,yes,13,BAP_Audio_FSG_01,ZR_High|ZR_MIB_TOP_ab_Gen3|ZR_Standard,BedienSG_hi|Gateway|Gateway_PAG,BAP_Audio_FSG_01_Header,,Cross-Domain / Gateway Candidate,Body/comfort/infotainment semantics observed; gateway routing or domain sharing is possible
0x17333111,yes,6/7/8,14,0.215425,3720.068143,9.907961,12000.228882,3C50160300003001,yes,9,BAP_Audio_FSG_02,ZR_High|ZR_MIB_TOP_ab_Gen3|ZR_Standard,BedienSG_hi|Gateway|Gateway_PAG,BAP_Audio_FSG_02_Header,,Cross-Domain / Gateway Candidate,Body/comfort/infotainment semantics observed; gateway routing or domain sharing is possible
0x17333210,yes,2/3/4/5/6/8,80,1.230998,810.517039,29.448986,2000.327110,3CB5000032000000,yes,31,BAP_Navigation_FSG_01,ZR_High|ZR_MIB_TOP_ab_Gen3|ZR_Standard,BedienDisp_vo|BedienSG_hi|Gateway|Gateway_PAG,BAP_Navigation_FSG_01_Header,,Cross-Domain / Gateway Candidate,Body/comfort/infotainment semantics observed; gateway routing or domain sharing is possible
0x17333211,yes,3/6/8,15,0.230812,3572.944437,9.585857,12980.207920,800D3C930CEB8F84,yes,6,BAP_Navigation_FSG_02,ZR_High|ZR_MIB_TOP_ab_Gen3|ZR_Standard,BedienDisp_vo|BedienSG_hi|Gateway|Gateway_PAG,BAP_Navigation_FSG_02_Header,,Cross-Domain / Gateway Candidate,Body/comfort/infotainment semantics observed; gateway routing or domain sharing is possible
0x17F00010,yes,8,130,2.000373,500.035092,499.639988,500.406027,2010510000000080,no,1,KN_Gateway,Gateway|Gateway_PAG,,Gateway_KompSchutz|Gateway_Abschaltstufe|Gateway_Transport_Mode|Gateway_Nachlauftyp|Gateway_SNI|Gateway_Matrix_Version|Gateway_Matrix_Generation|NM_Gateway_Wakeup|NM_Gateway_Lokalaktiv|NM_Gateway_Subsystemaktiv|GW_KD_Fehler,500,Ambiguous,DBC mapping lacks domain-specific evidence
0x17F00046,yes,8,130,2.000373,499.977140,498.756886,501.209974,2046000000000180,no,1,,,,,,Ambiguous,CAN ID not present in A5.dbc
0x17F000AE,yes,8,130,2.000373,500.007363,499.604940,500.290871,20AE000000000180,no,1,,,,,,Ambiguous,CAN ID not present in A5.dbc
0x1A555480,yes,8,204,3.139046,320.017340,318.735123,321.303844,000000FEFEFEFEFE,no,1,,,,,,Ambiguous,CAN ID not present in A5.dbc
0x1A55548D,yes,8,65,1.000186,999.970127,998.712063,1001.230955,0000F0FEFEFE7E7E,no,1,,,,,,Ambiguous,CAN ID not present in A5.dbc
0x1A555492,yes,8,65,1.000186,999.970112,998.939991,1001.229048,0000000014520000,no,1,,,,,,Ambiguous,CAN ID not present in A5.dbc
0x1A5554A8,yes,8,130,2.000373,500.010426,499.366999,500.653982,91880040503E0000,yes,67,NavPos_02_Map_Matched,ZR_High|ZR_LIMU|ZR_MIB_TOP_ab_Gen3|ZR_Standard,Gateway|Gateway_PAG|OTA_FC,POS_MUX|POS_ODD_EVEN|POS_PosStati|POS_Heading|POS_LatDirection|POS_LatDegree|POS_Last_GPS_Sync|POS_Heading_Trust|POS_UTC_REF|POS_LongDirection|POS_LongDegree,500,Cross-Domain / Gateway Candidate,Body/comfort/infotainment semantics observed; gateway routing or domain sharing is possible
0x1A555525,yes,8,65,1.000186,999.977548,998.966932,1001.075029,0000000000C05200,no,1,Klima_17,Gateway|Gateway_PAG,OTA_FC|ZR_High|ZR_LIMU|ZR_MIB_TOP_ab_Gen3|ZR_Standard,KL_NV_Energie_Anf|KL_FlHz_Soll_VL|KL_FlHz_Soll_HL|KL_FlHz_Soll_VR|KL_FlHz_Soll_HR|KL_Umluft_Connect_status|KL_ECO_PRO_Aktiv|KL_QBit_Sonnenintensitaet|KL_ZR_Anforderung|KL_ACmax_Aktiv|KL_Defrost_Aktiv|KL_ECO_Aktiv|KL_Status_Klimastil|KL_Kundeneingriff_Geblaese|KL_Thermischer_Bedarf|KL_Eps_Innen|KL_Sonnenintensitaet,1000,Cross-Domain / Gateway Candidate,Body/comfort/infotainment semantics observed; gateway routing or domain sharing is possible
0x1A555548,yes,8,68,1.046349,960.082342,959.228992,961.067915,0000000000000000,no,1,ORU_01,Gateway|Gateway_PAG,ZR_High|ZR_LIMU|ZR_MIB_TOP_ab_Gen3,ORU_Warnung|ORU_Status,960,Ambiguous,DBC mapping lacks domain-specific evidence
0x1A5555AD,yes,8,65,1.000186,1000.054747,999.074936,1001.126051,0000000000000000,no,1,,,,,,Ambiguous,CAN ID not present in A5.dbc
0x1B000010,yes,8,325,5.000931,200.013830,199.713945,200.371027,10500421000300FC,no,1,NMH_Gateway,Gateway|Gateway_PAG,BedienDisp_vo|BedienSG_hi|DDA|OTA_FC|ZR_High|ZR_LIMU|ZR_MIB_TOP_ab_Gen3|ZR_Standard,NM_Gateway_SNI|NM_Gateway_CBV_AWB|NM_Gateway_CBV_CRI|NM_Gateway_NM_State|NM_Gateway_Car_Wakeup|NM_Gateway_UDS_CC|NM_Gateway_NM_aktiv_KL15|NM_Gateway_NM_aktiv_Diagnose|NM_Gateway_NM_aktiv_Tmin|NM_Gateway_NM_aktiv_CWU|NM_Gateway_NM_aktiv_FC|NM_Gateway_NM_aktiv_Connect|NM_Gateway_NM_aktiv_EM|NM_Gateway_NM_aktiv_OBDC|NM_Gateway_NM_aktiv_Buskopplung|NM_Gateway_NM_aktiv_LIN2|NM_Gateway_CAB,200,Ambiguous,DBC mapping lacks domain-specific evidence
0x1B000046,yes,8,325,5.000931,199.991756,199.268818,200.520039,4640040100000000,no,1,,,,,,Ambiguous,CAN ID not present in A5.dbc
0x1B0000AE,yes,8,325,5.000931,200.004432,199.501991,200.547218,AE40040900000000,no,1,,,,,,Ambiguous,CAN ID not present in A5.dbc
